{
  "task_index": 5,
  "n_success": 35,
  "n_failure": 19,
  "learning_curve": {
    "n_episodes": [
      1,
      2,
      3,
      4,
      5,
      6,
      7,
      8,
      9,
      10,
      11,
      12,
      13,
      14,
      15,
      16,
      17,
      18,
      19,
      20,
      21,
      22,
      23,
      24,
      25,
      26,
      27,
      28,
      29,
      30
    ],
    "sigma_mean": [
      9.293695897689364,
      5.342566080551373,
      3.85154659421102,
      3.0280461836268247,
      3.102645094650538,
      2.37977889806495,
      2.1373724116399364,
      1.9965348423777445,
      1.8949733253374412,
      1.6838091983804013,
      1.5563447037455227,
      1.4262625817882881,
      1.2941320063593107,
      1.223320298363564,
      1.0818961329825707,
      1.0290872288157815,
      1.0356452745223463,
      0.9477387203714234,
      0.9269635266176091,
      0.8414787291505353,
      0.8515170731050643,
      0.7464510295665324,
      0.7479446822535053,
      0.7424326047061657,
      0.6390231796408923,
      0.6240090146806019,
      0.611662374760606,
      0.5934017401931724,
      0.5792993612698125,
      0.5334889382776392
    ],
    "sigma_start": 9.293695897689364,
    "sigma_end": 0.5334889382776392,
    "decrease_pct": 94.25966865980328,
    "n_runs": 5
  },
  "sigma_ratio": 1.5412952369792472,
  "per_joint": {
    "joint_names": [
      "joint_0",
      "joint_1",
      "joint_2",
      "joint_3",
      "joint_4",
      "joint_5",
      "joint_6"
    ],
    "ratios": [
      1.9962304830551147,
      2.2680060863494873,
      2.635006904602051,
      1.5396941900253296,
      1.888399600982666,
      2.115856647491455,
      1.6917153596878052
    ],
    "most_predictive": "joint_2",
    "max_ratio": 2.635006904602051
  },
  "temporal": {
    "divergence_pct": 27.0
  },
  "classification": {
    "auc": 0.7849624060150375,
    "optimal_threshold": 0.2885184625061009,
    "precision": 0.5925925925925926,
    "recall": 0.8421052631578947,
    "f1": 0.6956521739130435,
    "accuracy": 0.7407407407407407
  },
  "training": {
    "rmse": 0.2615012939994388,
    "num_samples": 12341
  }
}