{
  "per_joint": {
    "joint_names": [
      "joint_0",
      "joint_1",
      "joint_2",
      "joint_3",
      "joint_4",
      "joint_5",
      "joint_6"
    ],
    "success_mean": [
      0.004083775915205479,
      0.0039031163323670626,
      0.0040930816903710365,
      0.2281893938779831,
      0.007069715764373541,
      0.011949056759476662,
      0.010827325284481049
    ],
    "failure_mean": [
      0.006496518384665251,
      0.006066101137548685,
      0.007676006760448217,
      0.29075887799263,
      0.010161097161471844,
      0.01721850223839283,
      0.014330041594803333
    ],
    "ratios": [
      1.5908117294311523,
      1.554168701171875,
      1.8753612041473389,
      1.2741998434066772,
      1.437270998954773,
      1.4409925937652588,
      1.3235070705413818
    ],
    "most_predictive": "joint_2",
    "max_ratio": 1.8753612041473389
  },
  "temporal": {
    "divergence_pct": 27.0
  },
  "classification": {
    "auc": 0.7007797270955167,
    "optimal_threshold": 0.2615015300689265,
    "precision": 0.3684210526315789,
    "recall": 0.7368421052631579,
    "f1": 0.49122807017543857,
    "accuracy": 0.71
  },
  "training": {
    "rmse": 0.2600192376409055,
    "num_samples": 27733
  }
}